trade_date,open,high,low,close,volume,daily_return,ma5,ma20,ma60
2024-01-02,7100.0,7142.0,7020.0,7062.0,437701.0,,,,
2024-01-03,7060.0,7074.0,6922.0,6952.0,592753.0,-0.015576323987538943,,,
2024-01-04,6976.0,7020.0,6950.0,6984.0,398129.0,0.004602991944764101,,,
2024-01-05,6988.0,7066.0,6930.0,7022.0,557703.0,0.005441008018327587,,,
2024-01-08,7052.0,7090.0,6982.0,7006.0,564771.0,-0.0022785531187695662,7005.2,,
2024-01-09,6980.0,7076.0,6898.0,7054.0,647124.0,0.0068512703397087815,7003.6,,
2024-01-10,7100.0,7260.0,7072.0,7226.0,690275.0,0.02438332860788206,7058.4,,
2024-01-11,7206.0,7292.0,7188.0,7256.0,570833.0,0.00415167450871845,7112.8,,
2024-01-12,7260.0,7344.0,7222.0,7338.0,605577.0,0.011300992282249123,7176.0,,
2024-01-15,7368.0,7384.0,7240.0,7300.0,512263.0,-0.005178522758244708,7234.8,,
2024-01-16,7280.0,7390.0,7270.0,7384.0,497991.0,0.011506849315068512,7300.8,,
2024-01-17,7384.0,7444.0,7276.0,7298.0,575332.0,-0.01164680390032502,7315.2,,
2024-01-18,7286.0,7416.0,7264.0,7412.0,570468.0,0.01562071800493281,7346.4,,
2024-01-19,7428.0,7532.0,7402.0,7520.0,605034.0,0.014570966001079322,7382.8,,
2024-01-22,7532.0,7564.0,7446.0,7474.0,548458.0,-0.006117021276595747,7417.6,,
2024-01-23,7458.0,7542.0,7422.0,7432.0,624193.0,-0.0056194808670055885,7427.2,,
2024-01-24,7432.0,7520.0,7410.0,7498.0,503800.0,0.008880516684607098,7467.2,,
2024-01-25,7502.0,7574.0,7484.0,7532.0,483298.0,0.004534542544678555,7491.2,,
2024-01-26,7532.0,7598.0,7450.0,7544.0,624531.0,0.0015932023366966863,7496.0,,
2024-01-29,7566.0,7568.0,7402.0,7412.0,659123.0,-0.017497348886532316,7483.6,7285.3,
2024-01-30,7408.0,7420.0,7184.0,7196.0,749775.0,-0.029141932002158644,7436.4,7292.0,
2024-01-31,7186.0,7274.0,7100.0,7138.0,664400.0,-0.008060033351862117,7364.4,7301.3,
2024-02-01,7124.0,7136.0,7066.0,7118.0,543416.0,-0.0028019052956009816,7281.6,7308.0,
2024-02-02,7118.0,7142.0,7008.0,7052.0,527965.0,-0.00927226749086818,7183.2,7309.5,
2024-02-05,7042.0,7084.0,6990.0,7054.0,436645.0,0.00028360748723765816,7111.6,7311.9,
2024-02-06,7068.0,7166.0,7046.0,7114.0,466733.0,0.008505812305075189,7095.2,7314.9,
2024-02-07,7136.0,7156.0,7044.0,7110.0,383006.0,-0.0005622715771718134,7089.6,7309.1,
2024-02-08,7122.0,7228.0,7070.0,7216.0,379846.0,0.014908579465541472,7109.2,7307.1,
2024-02-19,7174.0,7280.0,7118.0,7270.0,306644.0,0.007483370288248414,7152.8,7303.7,
2024-02-20,7282.0,7368.0,7274.0,7320.0,373711.0,0.00687757909215958,7206.0,7304.7,
2024-02-21,7320.0,7412.0,7312.0,7382.0,432932.0,0.0084699453551913,7259.6,7304.6,
2024-02-22,7358.0,7396.0,7312.0,7350.0,501303.0,-0.004334868599295549,7307.6,7307.2,
2024-02-23,7322.0,7330.0,7250.0,7294.0,490800.0,-0.007619047619047636,7323.2,7301.3,
2024-02-26,7288.0,7328.0,7230.0,7274.0,522091.0,-0.002741979709350195,7324.0,7289.0,
2024-02-27,7284.0,7376.0,7274.0,7360.0,428097.0,0.011822930987077207,7332.0,7283.3,
2024-02-28,7382.0,7436.0,7364.0,7392.0,425773.0,0.004347826086956497,7334.0,7281.3,
2024-02-29,7392.0,7494.0,7380.0,7478.0,452886.0,0.011634199134199052,7359.6,7280.3,
2024-03-01,7486.0,7570.0,7470.0,7562.0,455206.0,0.011232949986627494,7413.2,7281.8,
2024-03-04,7560.0,7560.0,7484.0,7522.0,430889.0,-0.005289605924358676,7462.8,7280.7,
2024-03-05,7500.0,7558.0,7456.0,7534.0,486517.0,0.0015953203935124005,7497.6,7286.8,
2024-03-06,7518.0,7684.0,7518.0,7662.0,608327.0,0.016989646933899705,7551.6,7310.1,
2024-03-07,7698.0,7734.0,7650.0,7682.0,547761.0,0.002610284521012751,7592.4,7337.3,
2024-03-08,7706.0,7820.0,7684.0,7818.0,656863.0,0.01770372298880507,7643.6,7372.3,
2024-03-11,7770.0,7806.0,7728.0,7768.0,522939.0,-0.006395497569710917,7692.8,7408.1,
2024-03-12,7802.0,7872.0,7776.0,7852.0,595618.0,0.010813594232749635,7756.4,7448.0,
2024-03-13,7820.0,7904.0,7804.0,7900.0,572136.0,0.006113092205807469,7804.0,7487.3,
2024-03-14,7942.0,8172.0,7918.0,8132.0,984946.0,0.02936708860759496,7894.0,7538.4,
2024-03-15,8118.0,8220.0,8080.0,8084.0,905564.0,-0.005902606984751646,7947.2,7581.8,
2024-03-18,8064.0,8336.0,8054.0,8132.0,989701.0,0.005937654626422484,8020.0,7624.9,
2024-03-19,8126.0,8220.0,8100.0,8180.0,834396.0,0.005902606984751646,8085.6,7667.9,
2024-03-20,8136.0,8384.0,8114.0,8362.0,933861.0,0.022249388753056154,8178.0,7716.9,
2024-03-21,8354.0,8462.0,8256.0,8284.0,1015023.0,-0.009327911982779269,8208.4,7763.6,
2024-03-22,8274.0,8396.0,8242.0,8262.0,1002125.0,-0.002655721873491057,8244.0,7812.0,
2024-03-25,8260.0,8386.0,8186.0,8372.0,1173052.0,0.013313967562333495,8292.0,7866.9,
2024-03-26,8400.0,8424.0,8230.0,8266.0,1001108.0,-0.012661251791686534,8309.2,7912.2,
2024-03-27,8274.0,8336.0,8088.0,8130.0,1072387.0,-0.016452939753205942,8262.8,7949.1,
2024-03-28,8134.0,8172.0,8070.0,8122.0,828084.0,-0.0009840098400983877,8230.4,7981.3,
2024-03-29,8110.0,8218.0,7984.0,8216.0,1034088.0,0.011573504063038698,8221.2,8014.0,
2024-04-01,8232.0,8338.0,8124.0,8328.0,825139.0,0.01363193768257065,8212.4,8054.3,
2024-04-02,8328.0,8356.0,8242.0,8286.0,657702.0,-0.005043227665706085,8216.4,8091.9,7554.666666666667
2024-04-03,8342.0,8572.0,8326.0,8570.0,990352.0,0.03427468018344193,8304.4,8137.3,7579.8
2024-04-08,8518.0,8528.0,8202.0,8218.0,716170.0,-0.04107351225204203,8323.6,8164.1,7600.9
2024-04-09,8230.0,8278.0,8152.0,8236.0,620013.0,0.0021903139449988007,8327.6,8185.0,7621.766666666666
2024-04-10,8234.0,8284.0,8198.0,8268.0,370382.0,0.0038853812530355025,8315.6,8210.0,7642.533333333334
2024-04-11,7902.0,7914.0,7792.0,7892.0,672531.0,-0.045476536042573734,8236.8,8212.0,7657.3
2024-04-12,7862.0,7892.0,7752.0,7774.0,1017506.0,-0.014951849974657927,8077.6,8205.7,7669.3
2024-04-15,7798.0,7980.0,7656.0,7664.0,1207811.0,-0.01414972986879337,7966.8,8182.3,7676.6
2024-04-16,7662.0,7688.0,7588.0,7606.0,786233.0,-0.00756784968684765,7840.8,8158.4,7682.433333333333
2024-04-17,7570.0,7634.0,7392.0,7458.0,943322.0,-0.01945832237707068,7678.8,8124.7,7684.433333333333
2024-04-18,7458.0,7508.0,7410.0,7452.0,720360.0,-0.0008045052292839916,7590.8,8088.3,7686.966666666666
2024-04-19,7420.0,7518.0,7354.0,7382.0,1028054.0,-0.009393451422436971,7512.4,8039.3,7686.933333333333
2024-04-22,7340.0,7446.0,7302.0,7346.0,859493.0,-0.004876727174207507,7448.8,7992.4,7687.733333333334
2024-04-23,7360.0,7544.0,7334.0,7442.0,1048840.0,0.013068336509665102,7416.0,7951.4,7688.233333333334
2024-04-24,7420.0,7572.0,7408.0,7510.0,814922.0,0.00913732867508732,7426.4,7908.3,7688.066666666667
2024-04-25,7470.0,7516.0,7264.0,7314.0,1065415.0,-0.02609853528628492,7398.8,7860.7,7685.4
2024-04-26,7316.0,7408.0,7248.0,7400.0,826318.0,0.011758271807492449,7402.4,7824.2,7684.866666666667
2024-04-29,7408.0,7492.0,7396.0,7434.0,762150.0,0.004594594594594659,7420.0,7789.8,7683.8
2024-04-30,7446.0,7504.0,7312.0,7360.0,693887.0,-0.00995426419155232,7403.6,7747.0,7680.933333333333
2024-05-06,7388.0,7454.0,7330.0,7408.0,492049.0,0.006521739130434856,7383.2,7701.0,7678.666666666667
2024-05-07,7426.0,7564.0,7412.0,7560.0,724085.0,0.02051835853131756,7432.4,7664.7,7681.133333333333
2024-05-08,7550.0,7606.0,7480.0,7492.0,738299.0,-0.008994708994709,7450.8,7610.8,7686.066666666667
2024-05-09,7456.0,7476.0,7388.0,7406.0,685004.0,-0.011478910838227496,7445.2,7570.2,7690.533333333334
2024-05-10,7382.0,7422.0,7250.0,7286.0,739938.0,-0.016203078584931085,7430.4,7522.7,7693.333333333333
2024-05-13,7300.0,7464.0,7270.0,7454.0,662026.0,0.023057919297282403,7439.6,7482.0,7700.033333333334
2024-05-14,7474.0,7562.0,7468.0,7490.0,761535.0,0.004829621679635077,7425.6,7461.9,7707.3
2024-05-15,7400.0,7580.0,7316.0,7532.0,1029051.0,0.005607476635514086,7433.6,7449.8,7714.266666666666
2024-05-16,7508.0,7564.0,7424.0,7456.0,812416.0,-0.010090281465746198,7443.6,7439.4,7720.033333333334
2024-05-17,7462.0,7646.0,7456.0,7638.0,792622.0,0.02440987124463523,7514.0,7441.0,7727.066666666667
2024-05-20,7658.0,7714.0,7614.0,7664.0,693751.0,0.0034040324692328205,7556.0,7451.3,7733.633333333333
2024-05-21,7670.0,7758.0,7602.0,7662.0,775706.0,-0.00026096033402922547,7590.4,7461.8,7739.333333333333
2024-05-22,7616.0,7682.0,7604.0,7662.0,621716.0,0.0,7616.4,7475.8,7744.0
2024-05-23,7650.0,7698.0,7502.0,7598.0,934727.0,-0.00835291046724096,7644.8,7488.4,7748.133333333333
2024-05-24,7648.0,7692.0,7552.0,7588.0,828493.0,-0.0013161358252171684,7634.8,7495.7,7753.033333333334
2024-05-27,7590.0,7704.0,7566.0,7604.0,764527.0,0.0021085925144965767,7622.8,7500.4,7758.533333333334
2024-05-28,7598.0,7824.0,7598.0,7774.0,885473.0,0.022356654392424957,7645.2,7523.4,7765.433333333333
2024-05-29,7808.0,7872.0,7754.0,7858.0,859588.0,0.010805248263442202,7684.4,7546.3,7773.2
2024-05-30,7852.0,7876.0,7726.0,7742.0,721436.0,-0.014762025960804226,7713.2,7561.7,7777.6
2024-05-31,7758.0,7922.0,7724.0,7908.0,825410.0,0.02144148798760015,7777.2,7589.1,7783.366666666667
2024-06-03,7922.0,7956.0,7638.0,7652.0,1064074.0,-0.03237228123419322,7786.8,7601.3,7785.533333333334
2024-06-04,7680.0,7680.0,7538.0,7644.0,800583.0,-0.001045478306325176,7760.8,7605.5,7787.366666666667
2024-06-05,7606.0,7676.0,7564.0,7602.0,660302.0,-0.005494505494505475,7709.6,7611.0,7786.366666666667
2024-06-06,7618.0,7736.0,7586.0,7734.0,649008.0,0.017363851617995252,7708.0,7627.4,7787.233333333334
2024-06-07,7748.0,7856.0,7738.0,7800.0,754118.0,0.00853374709076804,7686.4,7653.1,7786.933333333333
2024-06-11,7730.0,7796.0,7572.0,7596.0,675042.0,-0.026153846153846194,7675.2,7660.2,7784.066666666667
2024-06-12,7614.0,7758.0,7602.0,7728.0,656034.0,0.017377567140600236,7692.0,7672.1,7782.0
2024-06-13,7730.0,7798.0,7660.0,7716.0,857848.0,-0.0015527950310558758,7714.8,7681.3,7778.933333333333
2024-06-14,7692.0,7778.0,7612.0,7684.0,875186.0,-0.00414722654224986,7704.8,7692.7,7771.466666666666
2024-06-17,7688.0,7722.0,7458.0,7510.0,898732.0,-0.02264445601249354,7646.8,7686.3,7761.9
2024-06-18,7512.0,7660.0,7502.0,7610.0,663778.0,0.013315579227696439,7649.6,7683.6,7753.2
2024-06-19,7608.0,7742.0,7592.0,7706.0,697698.0,0.012614980289093358,7645.2,7685.8,7745.3
2024-06-20,7710.0,7748.0,7670.0,7700.0,617989.0,-0.0007786140669607811,7642.0,7687.7,7734.266666666666
2024-06-21,7732.0,7768.0,7628.0,7644.0,754653.0,-0.0072727272727273196,7634.0,7690.0,7723.6
2024-06-24,7654.0,7710.0,7576.0,7634.0,795375.0,-0.0013082155939299067,7658.8,7692.3,7713.133333333333
2024-06-25,7610.0,7644.0,7520.0,7582.0,737149.0,-0.006811632171862758,7653.2,7691.2,7699.966666666666
2024-06-26,7582.0,7656.0,7480.0,7640.0,689428.0,0.0076496966499604024,7640.0,7684.5,7689.533333333334
2024-06-27,7632.0,7662.0,7564.0,7586.0,590196.0,-0.007068062827225163,7617.2,7670.9,7680.466666666666
2024-06-28,7636.0,7692.0,7604.0,7666.0,642162.0,0.010545742156604199,7621.6,7667.1,7672.866666666667
2024-07-01,7654.0,7886.0,7644.0,7868.0,860863.0,0.026350117401513273,7668.4,7665.1,7667.066666666667
2024-07-02,7844.0,8030.0,7844.0,7994.0,760936.0,0.016014234875444844,7750.8,7682.2,7661.5
2024-07-03,8046.0,8064.0,7936.0,7986.0,674716.0,-0.001000750562922148,7820.0,7699.3,7656.5
2024-07-04,8026.0,8106.0,7954.0,8000.0,867603.0,0.001753067868770275,7902.8,7719.2,7647.0
2024-07-05,7998.0,8058.0,7924.0,7954.0,730839.0,-0.005750000000000033,7960.4,7730.2,7642.6
2024-07-08,7950.0,8020.0,7854.0,7904.0,786668.0,-0.006286145335680171,7967.6,7735.4,7637.066666666667
2024-07-09,7880.0,7896.0,7752.0,7778.0,778194.0,-0.015941295546558654,7924.4,7744.5,7628.9
2024-07-10,7778.0,7784.0,7558.0,7612.0,849476.0,-0.021342247364360967,7849.6,7738.7,7624.233333333334
2024-07-11,7650.0,7692.0,7614.0,7638.0,572290.0,0.0034156594850236477,7777.2,7734.8,7621.966666666666
2024-07-12,7690.0,7844.0,7654.0,7766.0,806496.0,0.0167583136946845,7739.6,7738.9,7623.666666666667
2024-07-15,7766.0,7784.0,7638.0,7718.0,708922.0,-0.0061807880504763935,7702.4,7749.3,7625.533333333334
2024-07-16,7702.0,7862.0,7666.0,7820.0,708271.0,0.013215859030837107,7710.8,7759.8,7631.566666666667
2024-07-17,7794.0,7954.0,7786.0,7878.0,748960.0,0.007416879795396403,7764.0,7768.4,7638.666666666667
2024-07-18,7888.0,7946.0,7806.0,7916.0,684456.0,0.0048235592790049076,7819.6,7779.2,7647.566666666667
2024-07-19,7884.0,7896.0,7776.0,7850.0,719999.0,-0.008337544214249593,7836.4,7789.5,7655.966666666666
2024-07-22,7892.0,7992.0,7732.0,7958.0,921627.0,0.013757961783439576,7884.4,7805.7,7664.566666666667
2024-07-23,7950.0,8038.0,7884.0,7896.0,708284.0,-0.007790902236742947,7899.6,7821.4,7671.0
2024-07-24,7918.0,7976.0,7736.0,7746.0,964283.0,-0.018996960486322156,7873.2,7826.7,7678.2
2024-07-25,7770.0,7794.0,7678.0,7744.0,718390.0,-0.00025819777949909195,7838.8,7834.6,7683.933333333333
2024-07-26,7754.0,7908.0,7732.0,7880.0,676509.0,0.017561983471074294,7844.8,7845.3,7691.366666666667
2024-07-29,7840.0,7922.0,7630.0,7882.0,1019139.0,0.0002538071065989467,7829.6,7846.0,7700.066666666667
2024-07-30,7828.0,7948.0,7744.0,7852.0,1035349.0,-0.0038061405734585163,7820.8,7838.9,7707.466666666666
2024-07-31,7820.0,7908.0,7760.0,7782.0,952729.0,-0.008914926133469225,7828.0,7828.7,7711.166666666667
2024-08-01,7830.0,7876.0,7734.0,7764.0,839368.0,-0.0023130300693908756,7832.0,7816.9,7715.7
2024-08-02,7768.0,7998.0,7740.0,7968.0,1110593.0,0.026275115919629055,7849.6,7817.6,7725.066666666667
2024-08-05,7932.0,7948.0,7770.0,7856.0,1074302.0,-0.014056224899598346,7844.4,7815.2,7734.566666666667
2024-08-06,7756.0,7844.0,7586.0,7600.0,1348163.0,-0.03258655804480648,7794.0,7806.3,7737.0
2024-08-07,7552.0,7638.0,7534.0,7564.0,698623.0,-0.00473684210526315,7750.4,7803.9,7738.233333333334
2024-08-08,7620.0,7676.0,7584.0,7596.0,644856.0,0.004230565838180933,7716.8,7801.8,7739.3
2024-08-09,7608.0,7744.0,7600.0,7728.0,552621.0,0.017377567140600236,7668.8,7799.9,7743.833333333333
2024-08-12,7748.0,7780.0,7656.0,7690.0,383101.0,-0.00491718426501031,7635.6,7798.5,7744.7
2024-08-13,7674.0,7708.0,7540.0,7578.0,355462.0,-0.01456436931079319,7631.2,7786.4,7743.266666666666
2024-08-14,7444.0,7458.0,7324.0,7420.0,700367.0,-0.02084982845077854,7602.4,7763.5,7739.233333333334
2024-08-15,7454.0,7510.0,7432.0,7496.0,604328.0,0.010242587601078101,7582.4,7742.5,7736.466666666666
2024-08-16,7470.0,7578.0,7468.0,7484.0,580875.0,-0.0016008537886873508,7533.6,7724.2,7734.566666666667
2024-08-19,7450.0,7608.0,7444.0,7578.0,758617.0,0.012560128273650495,7511.2,7705.2,7734.4
2024-08-20,7560.0,7652.0,7534.0,7638.0,595022.0,0.007917656373713333,7523.2,7692.3,7734.966666666666
2024-08-21,7628.0,7694.0,7616.0,7648.0,554607.0,0.0013092432573971191,7568.8,7687.4,7732.866666666667
2024-08-22,7674.0,7842.0,7648.0,7772.0,841803.0,0.01621338912133896,7624.0,7688.8,7731.433333333333
2024-08-23,7800.0,7848.0,7740.0,7812.0,645882.0,0.00514668039114774,7689.6,7685.4,7732.6
2024-08-26,7860.0,8088.0,7822.0,8078.0,872738.0,0.03405017921146958,7789.6,7695.2,7735.433333333333
2024-08-27,8050.0,8108.0,8014.0,8062.0,693715.0,-0.001980688289180521,7874.4,7705.7,7742.266666666666
2024-08-28,8048.0,8058.0,7952.0,8014.0,730724.0,-0.005953857603572366,7947.6,7717.3,7748.433333333333
2024-08-29,7976.0,8016.0,7922.0,7988.0,654621.0,-0.003244322435737468,7990.8,7728.5,7754.866666666667
2024-08-30,8002.0,8096.0,7990.0,8056.0,649879.0,0.00851276915373056,8039.6,7732.9,7760.233333333334
2024-09-02,8080.0,8086.0,7866.0,7906.0,812780.0,-0.018619662363455802,8005.2,7735.4,7762.0
2024-09-03,7920.0,8128.0,7876.0,7998.0,1124113.0,0.011636731596256,7992.4,7755.3,7768.7
2024-09-04,7972.0,7992.0,7824.0,7874.0,931542.0,-0.015503875968992276,7964.4,7770.8,7771.133333333333
2024-09-05,7880.0,7894.0,7798.0,7862.0,670669.0,-0.0015240030480061506,7939.2,7784.1,7773.566666666667
2024-09-06,7900.0,8000.0,7852.0,7886.0,752067.0,0.00305265835665236,7905.2,7792.0,7776.933333333333
2024-09-09,7890.0,7902.0,7742.0,7898.0,843229.0,0.0015216839969567353,7903.6,7802.4,7783.4
2024-09-10,7898.0,7926.0,7814.0,7840.0,628654.0,-0.007343631299063014,7872.0,7815.5,7787.233333333334
2024-09-11,7850.0,7884.0,7758.0,7880.0,646422.0,0.005102040816326481,7873.2,7838.5,7790.133333333333
2024-09-12,7858.0,7888.0,7720.0,7828.0,801742.0,-0.006598984771573613,7866.4,7855.1,7792.266666666666
2024-09-13,7828.0,7972.0,7754.0,7766.0,905394.0,-0.007920286152273914,7842.4,7869.2,7794.3
2024-09-18,7788.0,7964.0,7774.0,7952.0,588513.0,0.023950553695596177,7853.2,7887.9,7799.6
2024-09-19,7960.0,8180.0,7952.0,8166.0,928960.0,0.026911468812877315,7918.4,7914.3,7809.333333333333
2024-09-20,8124.0,8200.0,8106.0,8180.0,654592.0,0.0017144256674013203,7978.4,7940.9,7818.333333333333
2024-09-23,8168.0,8296.0,8136.0,8228.0,745654.0,0.005867970660146771,8058.4,7963.7,7829.033333333334
2024-09-24,8234.0,8312.0,8216.0,8258.0,644992.0,0.003646086533787063,8156.8,7986.0,7838.9
2024-09-25,8298.0,8482.0,8288.0,8390.0,782993.0,0.01598449987890538,8244.4,8001.6,7847.6
2024-09-26,8392.0,8584.0,8380.0,8530.0,901824.0,0.016686531585220488,8317.2,8025.0,7856.533333333334
2024-09-27,8640.0,8672.0,8496.0,8616.0,846326.0,0.010082063305978828,8404.4,8055.1,7867.033333333334
2024-09-30,8510.0,8660.0,8430.0,8568.0,704928.0,-0.005571030640668551,8472.4,8084.1,7876.5
2024-10-08,8994.0,9028.0,8722.0,8746.0,618773.0,0.020774976657329525,8570.0,8118.6,7889.7
2024-10-09,8770.0,8784.0,8628.0,8690.0,652962.0,-0.00640292705236678,8630.0,8157.8,7902.8
2024-10-10,8664.0,8818.0,8566.0,8690.0,744727.0,0.0,8662.0,8192.4,7918.0
2024-10-11,8704.0,8910.0,8704.0,8846.0,715449.0,0.01795166858457997,8708.0,8241.0,7938.566666666667
2024-10-14,8888.0,9046.0,8808.0,8852.0,1020631.0,0.0006782726656116012,8764.8,8290.5,7958.8
2024-10-15,8844.0,8876.0,8714.0,8724.0,718291.0,-0.014460009037505661,8760.4,8332.4,7974.766666666666
2024-10-16,8748.0,8968.0,8738.0,8902.0,752289.0,0.020403484640073355,8802.8,8382.6,7994.5
2024-10-17,8922.0,8990.0,8838.0,8864.0,782581.0,-0.0042687036620984165,8837.6,8433.8,8011.9
2024-10-18,8888.0,9092.0,8824.0,8836.0,1254730.0,-0.003158844765343005,8835.6,8481.6,8027.866666666667
2024-10-21,8800.0,8886.0,8736.0,8860.0,855385.0,0.0027161611588955026,8837.2,8533.2,8043.6
2024-10-22,8896.0,8996.0,8862.0,8996.0,659504.0,0.015349887133182749,8891.6,8594.7,8062.7
2024-10-23,9026.0,9232.0,9014.0,9230.0,915544.0,0.026011560693641522,8957.2,8658.6,8083.9
2024-10-24,9200.0,9282.0,9112.0,9280.0,728457.0,0.005417118093174356,9040.4,8714.3,8106.966666666666
2024-10-25,9336.0,9474.0,9266.0,9302.0,995125.0,0.0023706896551725087,9133.6,8770.4,8132.9
2024-10-28,9300.0,9366.0,9138.0,9270.0,883861.0,-0.003440120404214153,9215.6,8822.5,8158.333333333333
2024-10-29,9218.0,9346.0,9204.0,9270.0,793228.0,0.0,9270.4,8873.1,8181.5
2024-10-30,9382.0,9418.0,9274.0,9392.0,791007.0,0.013160733549083092,9302.8,8923.2,8206.666666666666
2024-10-31,9438.0,9492.0,9354.0,9478.0,707413.0,0.009156729131175378,9342.4,8970.6,8233.766666666666
2024-11-01,9522.0,9680.0,9470.0,9668.0,919089.0,0.020046423296053995,9415.6,9023.2,8265.2
2024-11-04,9700.0,9754.0,9624.0,9714.0,829633.0,0.0047579644187008,9504.4,9080.5,8297.7
2024-11-05,9694.0,9752.0,9584.0,9610.0,914390.0,-0.010706197241095339,9572.4,9123.7,8325.066666666668
2024-11-06,9630.0,9768.0,9584.0,9712.0,884001.0,0.010613943808532866,9636.4,9174.8,8356.0
2024-11-07,9746.0,9992.0,9698.0,9914.0,1235121.0,0.020799011532125267,9723.6,9236.0,8394.566666666668
2024-11-08,9900.0,10124.0,9892.0,10088.0,945138.0,0.017550938067379507,9807.6,9298.1,8436.633333333333
2024-11-11,10130.0,10328.0,10106.0,10212.0,1336676.0,0.012291831879460702,9907.2,9366.1,8480.233333333334
2024-11-12,10250.0,10344.0,10072.0,10146.0,1284206.0,-0.006462984723854315,10014.4,9437.2,8520.533333333333
2024-11-13,10100.0,10200.0,9756.0,9782.0,1615868.0,-0.03587620737236352,10028.4,9481.2,8555.4
2024-11-14,9906.0,9962.0,9776.0,9914.0,1198246.0,0.013494172970762719,10028.4,9533.7,8594.333333333334
2024-11-15,9970.0,10118.0,9902.0,10084.0,1226537.0,0.017147468226750062,10027.6,9596.1,8638.733333333334
2024-11-18,10178.0,10186.0,9840.0,9878.0,1330735.0,-0.020428401428004728,9960.8,9647.0,8678.433333333332
2024-11-19,9858.0,10086.0,9700.0,9966.0,1428988.0,0.008908685968819663,9924.8,9695.5,8719.8
2024-11-20,9928.0,10002.0,9864.0,9954.0,1100966.0,-0.0012040939193257438,9959.2,9731.7,8759.4
2024-11-21,9878.0,9886.0,9532.0,9556.0,1569711.0,-0.03998392605987544,9887.6,9745.5,8791.366666666667
2024-11-22,9652.0,9668.0,9518.0,9570.0,1106401.0,0.0014650481372959767,9784.8,9758.9,8823.4
2024-11-25,9530.0,9728.0,9448.0,9710.0,1108914.0,0.014629049111807735,9751.2,9780.9,8855.7
2024-11-26,9680.0,9846.0,9616.0,9740.0,1124494.0,0.003089598352214118,9706.0,9804.4,8887.833333333334
2024-11-27,9776.0,9880.0,9676.0,9874.0,998648.0,0.01375770020533884,9690.0,9828.5,8917.766666666666
2024-11-28,9846.0,9960.0,9820.0,9908.0,999809.0,0.003443386672068005,9760.4,9850.0,8948.533333333333
2024-11-29,9980.0,10222.0,9930.0,10194.0,1189956.0,0.02886556318126776,9885.2,9876.3,8984.866666666667
2024-12-02,10222.0,10300.0,10138.0,10210.0,1208801.0,0.0015695507161075373,9985.2,9901.1,9021.9
2024-12-03,10178.0,10440.0,10158.0,10428.0,1121681.0,0.021351616062683654,10122.8,9942.0,9061.433333333332
2024-12-04,10458.0,10518.0,10272.0,10328.0,1533316.0,-0.009589566551591822,10213.6,9972.8,9101.8
2024-12-05,10280.0,10416.0,10098.0,10282.0,1365556.0,-0.004453911696359447,10288.4,9991.2,9139.866666666667
2024-12-06,10302.0,10316.0,10158.0,10226.0,1093999.0,-0.005446411204045876,10294.8,9998.1,9179.066666666668
2024-12-09,10226.0,10338.0,10134.0,10200.0,986133.0,-0.002542538627029134,10292.8,9997.5,9218.033333333333
2024-12-10,10240.0,10326.0,9944.0,9998.0,1109399.0,-0.019803921568627425,10206.8,9990.1,9253.233333333334
2024-12-11,9986.0,10082.0,9918.0,10066.0,735018.0,0.006801360272054469,10154.4,10004.3,9289.366666666667
2024-12-12,9932.0,10000.0,9858.0,9932.0,602572.0,-0.013312139876813012,10084.4,10005.2,9324.233333333334
2024-12-13,9280.0,9334.0,9196.0,9266.0,836439.0,-0.06705598066854612,9892.4,9964.3,9347.333333333334
2024-12-16,9314.0,9392.0,9214.0,9322.0,1159375.0,0.006043600259011406,9716.8,9936.5,9372.233333333334
2024-12-17,9250.0,9276.0,9136.0,9202.0,1089461.0,-0.012872774082814842,9557.6,9898.3,9396.166666666666
2024-12-18,9194.0,9200.0,8966.0,9004.0,1239549.0,-0.02151706150836774,9345.2,9850.8,9413.7
2024-12-19,8950.0,8980.0,8720.0,8736.0,1277848.0,-0.0297645490892936,9106.0,9809.8,9423.2
2024-12-20,8818.0,8840.0,8668.0,8750.0,1236483.0,0.0016025641025640969,9002.8,9768.8,9432.7
2024-12-23,8710.0,8830.0,8572.0,8812.0,1351481.0,0.007085714285714362,8900.8,9723.9,9442.433333333332
2024-12-24,8844.0,8848.0,8736.0,8822.0,864849.0,0.0011348161597821704,8824.8,9678.0,9451.833333333334
2024-12-25,8850.0,8888.0,8674.0,8706.0,909679.0,-0.013148945817274993,8765.2,9619.6,9457.1
2024-12-26,8704.0,8774.0,8638.0,8740.0,762623.0,0.0039053526303698405,8766.0,9561.2,9460.6
2024-12-27,8758.0,8828.0,8722.0,8786.0,764005.0,0.0052631578947368585,8773.2,9490.8,9463.433333333332
2024-12-30,8820.0,8844.0,8684.0,8744.0,790316.0,-0.00478033234691555,8759.6,9417.5,9466.366666666667
2024-12-31,8720.0,8742.0,8608.0,8668.0,970554.0,-0.008691674290942308,8728.8,9329.5,9465.066666666668
2025-01-02,8660.0,8824.0,8458.0,8474.0,1196491.0,-0.022381172127365012,8682.4,9236.8,9461.466666666667
2025-01-03,8470.0,8558.0,8372.0,8530.0,1269242.0,0.006608449374557512,8640.4,9149.2,9458.8
2025-01-06,8540.0,8646.0,8478.0,8484.0,1039802.0,-0.005392731535756146,8580.0,9062.1,9452.766666666666
2025-01-07,8534.0,8752.0,8460.0,8722.0,1220042.0,0.028052805280528004,8575.6,8988.2,9450.6
2025-01-08,8712.0,8774.0,8608.0,8618.0,1046988.0,-0.01192387067186429,8565.6,8919.2,9448.833333333334
2025-01-09,8648.0,8650.0,8408.0,8418.0,1041693.0,-0.023207240659085637,8554.4,8836.8,9440.766666666666
2025-01-10,8438.0,8552.0,8404.0,8524.0,911495.0,0.012592064623426102,8553.2,8766.4,9435.1
2025-01-13,8558.0,8822.0,8556.0,8758.0,990181.0,0.02745190051618951,8608.0,8741.0,9433.8
2025-01-14,8730.0,8766.0,8668.0,8710.0,705066.0,-0.005480703356930849,8605.6,8710.4,9431.3
2025-01-15,8696.0,8710.0,8468.0,8482.0,973535.0,-0.026176808266360485,8578.4,8674.4,9422.733333333334
2025-01-16,8488.0,8548.0,8292.0,8344.0,1123118.0,-0.01626974770101386,8563.6,8641.4,9407.966666666667
2025-01-17,8300.0,8410.0,8232.0,8390.0,865978.0,0.005512943432406603,8536.8,8624.1,9393.133333333333
2025-01-20,8372.0,8482.0,8302.0,8430.0,769443.0,0.004767580452920139,8471.2,8608.1,9378.6
2025-01-21,8410.0,8510.0,8390.0,8446.0,794968.0,0.0018979833926453527,8418.4,8589.8,9364.866666666667
2025-01-22,8454.0,8524.0,8354.0,8360.0,830988.0,-0.010182334833057083,8394.0,8566.7,9349.7
2025-01-23,8372.0,8390.0,8224.0,8242.0,771246.0,-0.014114832535885191,8373.6,8543.5,9330.533333333333
2025-01-24,8280.0,8328.0,8234.0,8258.0,602794.0,0.001941276389225921,8347.2,8519.4,9310.2
2025-01-27,8294.0,8452.0,8280.0,8452.0,543084.0,0.023492371034148807,8351.6,8502.7,9289.933333333332
2025-02-05,8532.0,8636.0,8488.0,8612.0,470006.0,0.018930430667297715,8384.8,8496.1,9271.566666666668
2025-02-06,8576.0,8738.0,8540.0,8690.0,603267.0,0.009057129586623303,8450.8,8497.2,9256.233333333334
2025-02-07,8722.0,8898.0,8710.0,8888.0,620119.0,0.022784810126582178,8580.0,8517.9,9242.5
2025-02-10,8878.0,8992.0,8848.0,8956.0,737370.0,0.007650765076507637,8719.6,8539.2,9226.533333333333
2025-02-11,9006.0,9132.0,8974.0,9076.0,727973.0,0.013398838767306742,8844.4,8568.8,9209.666666666666
2025-02-12,9098.0,9222.0,9052.0,9154.0,853476.0,0.00859409431467606,8952.8,8590.4,9192.033333333333
2025-02-13,9110.0,9162.0,8914.0,8950.0,1046166.0,-0.02228533974218916,9004.8,8607.0,9172.1
2025-02-14,8924.0,9108.0,8900.0,9078.0,1042704.0,0.014301675977653527,9042.8,8640.0,9160.366666666667
2025-02-17,9076.0,9102.0,8968.0,9064.0,796749.0,-0.0015421899096716984,9064.4,8667.0,9146.2
2025-02-18,9090.0,9118.0,8994.0,9012.0,826184.0,-0.005736981465136792,9051.6,8679.7,9128.333333333334
2025-02-19,9030.0,9208.0,9026.0,9200.0,800796.0,0.020861074123391,9060.8,8704.2,9117.033333333333
2025-02-20,9260.0,9378.0,9170.0,9368.0,1082115.0,0.01826086956521733,9144.4,8748.5,9107.066666666668
2025-02-21,9352.0,9448.0,9342.0,9368.0,888634.0,0.0,9202.4,8799.7,9097.3
2025-02-24,9364.0,9384.0,9180.0,9240.0,1035613.0,-0.013663535439795038,9237.6,8842.2,9092.033333333333
2025-02-25,9192.0,9324.0,9118.0,9178.0,1217683.0,-0.006709956709956666,9270.8,8879.6,9085.5
2025-02-26,9154.0,9242.0,9128.0,9228.0,949366.0,0.005447809980387852,9276.4,8918.7,9077.466666666667
2025-02-27,9232.0,9244.0,9018.0,9080.0,1251373.0,-0.01603814477676635,9218.8,8954.7,9066.466666666667
2025-02-28,9088.0,9152.0,9018.0,9146.0,997233.0,0.007268722466960309,9174.4,8999.9,9054.333333333334
2025-03-03,9148.0,9160.0,9008.0,9042.0,937039.0,-0.011371091187404314,9134.8,9039.1,9039.9
2025-03-04,9052.0,9080.0,8790.0,8800.0,1096381.0,-0.02676399026763987,9059.2,9056.5,9016.666666666666
2025-03-05,8766.0,8836.0,8746.0,8802.0,772723.0,0.00022727272727274261,8974.0,9066.0,8993.2
2025-03-06,8838.0,8976.0,8766.0,8962.0,973182.0,0.018177686889343292,8950.4,9079.6,8968.766666666666
2025-03-07,8968.0,9114.0,8924.0,9106.0,1055002.0,0.01606784199955369,8942.4,9090.5,8948.4
2025-03-10,9130.0,9282.0,9022.0,9074.0,1290800.0,-0.0035141664836371156,8948.8,9096.4,8928.266666666666
2025-03-11,9028.0,9060.0,8876.0,8934.0,1008501.0,-0.015428697377121492,8975.6,9089.3,8906.733333333334
2025-03-12,8958.0,9090.0,8926.0,9040.0,989364.0,0.011864786209984324,9023.2,9083.6,8887.4
2025-03-13,9026.0,9140.0,8950.0,9106.0,1071900.0,0.007300884955752318,9052.0,9091.4,8872.533333333333
2025-03-14,9120.0,9148.0,9022.0,9120.0,894554.0,0.0015374478365912658,9054.8,9093.5,8856.766666666666
2025-03-17,9130.0,9180.0,8984.0,8988.0,1060061.0,-0.014473684210526305,9037.6,9089.7,8841.033333333333
2025-03-18,8980.0,9150.0,8934.0,9084.0,1134528.0,0.010680907877169465,9067.6,9093.3,8838.0
2025-03-19,9116.0,9148.0,8930.0,8942.0,1096737.0,-0.015631880228973993,9048.0,9080.4,8831.666666666666
2025-03-20,8966.0,9180.0,8924.0,9152.0,1263596.0,0.02348467904271967,9057.2,9069.6,8830.833333333334
2025-03-21,9126.0,9168.0,9006.0,9088.0,1141883.0,-0.006993006993006978,9050.8,9055.6,8832.233333333334
2025-03-24,9052.0,9056.0,8952.0,8988.0,978488.0,-0.011003521126760618,9050.8,9043.0,8836.433333333332
2025-03-25,8940.0,9068.0,8800.0,8812.0,1490962.0,-0.019581664441477575,8996.4,9024.7,8837.466666666667
2025-03-26,8812.0,8896.0,8782.0,8846.0,1010225.0,0.0038583749432592462,8977.2,9005.6,8838.033333333333
2025-03-27,8888.0,8908.0,8806.0,8886.0,810656.0,0.004521817770743786,8924.0,8995.9,8839.1
2025-03-28,8964.0,9128.0,8952.0,9088.0,1117540.0,0.022732388026108552,8924.0,8993.0,8845.466666666667
2025-03-31,9102.0,9130.0,9032.0,9104.0,784425.0,0.0017605633802817433,8947.2,8996.1,8851.533333333333
2025-04-01,9084.0,9192.0,9052.0,9146.0,920977.0,0.004613356766256516,9014.0,9013.4,8857.533333333333
2025-04-02,9176.0,9346.0,9148.0,9304.0,951187.0,0.017275311611633537,9105.6,9038.5,8866.866666666667
2025-04-03,9300.0,9326.0,9152.0,9198.0,854192.0,-0.011392949269131591,9168.0,9050.3,8875.7
2025-04-07,8850.0,8948.0,8692.0,8740.0,911091.0,-0.04979343335507724,9098.4,9032.0,8880.133333333333
2025-04-08,8740.0,8820.0,8710.0,8758.0,767881.0,0.002059496567505814,9029.2,9016.2,8883.933333333332
2025-04-09,8712.0,8778.0,8510.0,8588.0,850394.0,-0.019410824389129888,8917.6,8998.9,8885.666666666666
2025-04-10,7900.0,8226.0,7896.0,8186.0,420364.0,-0.046809501630181605,8694.0,8956.2,8876.733333333334
2025-04-11,8154.0,8222.0,8128.0,8196.0,375946.0,0.0012215978499878766,8493.6,8910.7,8869.7
2025-04-14,8236.0,8246.0,8140.0,8170.0,379816.0,-0.0031722791605661715,8379.6,8863.2,8865.566666666668
2025-04-15,8184.0,8190.0,8062.0,8134.0,425531.0,-0.004406364749081959,8254.8,8820.5,8859.066666666668
2025-04-16,8112.0,8176.0,8046.0,8078.0,570785.0,-0.0068846815834767705,8152.8,8770.2,8847.733333333334
2025-04-17,8102.0,8208.0,8082.0,8204.0,575212.0,0.015597920277296451,8156.4,8733.3,8839.3
2025-04-18,8160.0,8204.0,8126.0,8132.0,619774.0,-0.008776206728425162,8143.6,8682.3,8833.466666666667
2025-04-21,8110.0,8162.0,8008.0,8068.0,740461.0,-0.007870142646335454,8123.2,8631.3,8828.866666666667
2025-04-22,8028.0,8156.0,7972.0,8130.0,936452.0,0.007684680218145834,8122.4,8588.4,8824.533333333333
2025-04-23,8154.0,8220.0,8088.0,8218.0,786831.0,0.010824108241082486,8150.4,8558.7,8821.0
2025-04-24,8190.0,8242.0,8180.0,8230.0,689531.0,0.0014602092966657931,8155.6,8527.9,8817.4
2025-04-25,8250.0,8448.0,8236.0,8376.0,963432.0,0.01773997569866337,8204.4,8502.4,8817.666666666666
2025-04-28,8348.0,8368.0,8172.0,8174.0,721927.0,-0.024116523400190992,8225.6,8456.7,8816.533333333333
2025-04-29,8200.0,8208.0,8116.0,8120.0,550788.0,-0.006606312698801076,8223.6,8407.5,8814.233333333334
2025-04-30,8120.0,8156.0,8052.0,8148.0,504163.0,0.0034482758620688614,8209.6,8357.6,8809.166666666666
2025-05-06,8018.0,8048.0,7928.0,7974.0,549475.0,-0.021354933726067782,8158.4,8291.1,8798.533333333333
2025-05-07,7946.0,7974.0,7884.0,7914.0,748717.0,-0.007524454477050413,8066.0,8226.9,8785.6
2025-05-08,7876.0,7910.0,7812.0,7908.0,685958.0,-0.0007581501137224889,8012.8,8185.3,8769.266666666666
2025-05-09,7944.0,7988.0,7870.0,7886.0,639471.0,-0.002781992918563514,7966.0,8141.7,8751.433333333332
2025-05-12,7930.0,8030.0,7898.0,8024.0,674022.0,0.017499365965001346,7941.2,8113.5,8733.9
2025-05-13,8066.0,8082.0,7938.0,7954.0,697530.0,-0.008723828514456633,7937.2,8101.9,8713.9
2025-05-14,7994.0,8192.0,7990.0,8184.0,792786.0,0.028916268544128654,7991.2,8101.3,8701.133333333333
2025-05-15,8146.0,8200.0,8026.0,8048.0,668900.0,-0.016617790811339184,8019.2,8095.2,8683.966666666667
2025-05-16,8012.0,8050.0,7954.0,7984.0,514650.0,-0.007952286282306154,8038.8,8087.7,8665.966666666667
2025-05-19,7942.0,8044.0,7942.0,7998.0,537030.0,0.0017535070140279885,8033.6,8083.7,8649.066666666668
2025-05-20,8022.0,8144.0,8000.0,8106.0,631770.0,0.013503375843960885,8064.0,8078.8,8630.833333333334
2025-05-21,8098.0,8148.0,8056.0,8104.0,607303.0,-0.0002467308166790305,8048.0,8077.4,8609.766666666666
2025-05-22,8098.0,8098.0,7984.0,7994.0,621114.0,-0.013573543928923959,8037.2,8073.7,8586.866666666667
2025-05-23,7996.0,8092.0,7986.0,8006.0,534842.0,0.001501125844383333,8041.6,8067.5,8566.3
2025-05-26,7980.0,8036.0,7928.0,7954.0,549820.0,-0.006495128653509874,8032.8,8054.3,8545.9
2025-05-27,7984.0,8048.0,7970.0,8044.0,531013.0,0.011315061604224352,8020.4,8045.0,8526.166666666666
2025-05-28,8068.0,8114.0,8032.0,8076.0,596014.0,0.003978120338140156,8014.8,8030.0,8509.433333333332
2025-05-29,8092.0,8198.0,8062.0,8190.0,721694.0,0.014115898959881079,8054.0,8030.8,8493.5
2025-05-30,8156.0,8178.0,8026.0,8060.0,684233.0,-0.015873015873015928,8064.8,8027.8,8477.133333333333
2025-06-03,8100.0,8250.0,8096.0,8196.0,659444.0,0.016873449131513674,8113.2,8030.2,8467.066666666668
2025-06-04,8190.0,8210.0,8102.0,8130.0,656196.0,-0.008052708638360162,8130.4,8038.0,8455.866666666667
2025-06-05,8160.0,8160.0,8064.0,8126.0,535659.0,-0.0004920049200491938,8140.4,8048.6,8441.933333333332
2025-06-06,8116.0,8178.0,8074.0,8110.0,626813.0,-0.001968988432192953,8124.4,8058.7,8425.333333333334
2025-06-09,8122.0,8194.0,8110.0,8182.0,475370.0,0.00887792848335378,8148.8,8073.5,8410.466666666667
2025-06-10,8192.0,8222.0,8102.0,8116.0,653781.0,-0.008066487411390821,8132.8,8078.1,8396.833333333334
2025-06-11,8092.0,8112.0,7958.0,7970.0,795882.0,-0.017989157220305585,8100.8,8078.9,8379.0
2025-06-12,7994.0,8046.0,7976.0,8010.0,543908.0,0.005018820577164407,8077.6,8070.2,8360.733333333334
2025-06-13,8032.0,8224.0,8032.0,8140.0,925612.0,0.01622971285892638,8083.6,8074.8,8344.4
2025-06-16,8170.0,8482.0,8140.0,8436.0,1374614.0,0.036363636363636376,8134.4,8097.4,8335.2
2025-06-17,8480.0,8512.0,8406.0,8446.0,864099.0,0.0011853959222380972,8200.4,8119.8,8324.566666666668
2025-06-18,8478.0,8540.0,8454.0,8518.0,655435.0,0.008524745441629067,8310.0,8140.4,8317.5
2025-06-19,8530.0,8566.0,8502.0,8538.0,605854.0,0.002347969006809114,8415.6,8162.1,8307.266666666666
2025-06-20,8538.0,8600.0,8502.0,8536.0,601493.0,-0.00023424689622864037,8494.8,8189.2,8298.066666666668
2025-06-23,8540.0,8592.0,8454.0,8520.0,660926.0,-0.0018744142455482393,8511.6,8214.9,8290.266666666666
2025-06-24,8496.0,8500.0,8306.0,8326.0,743181.0,-0.0227699530516432,8487.6,8233.5,8282.166666666666
2025-06-25,8310.0,8356.0,8288.0,8344.0,501933.0,0.0021619024741772463,8452.8,8248.5,8273.8
2025-06-26,8308.0,8408.0,8290.0,8360.0,653695.0,0.0019175455417066445,8417.2,8262.7,8265.033333333333
2025-06-27,8382.0,8402.0,8334.0,8376.0,442785.0,0.00191387559808609,8385.2,8272.0,8253.166666666666
2025-06-30,8366.0,8376.0,8256.0,8330.0,563974.0,-0.005491881566380141,8347.2,8285.5,8240.266666666666
2025-07-01,8340.0,8352.0,8278.0,8336.0,479503.0,0.0007202881152461593,8349.2,8292.5,8226.766666666666
2025-07-02,8338.0,8454.0,8310.0,8440.0,576422.0,0.0124760076775432,8368.4,8308.0,8212.366666666667
2025-07-03,8470.0,8522.0,8446.0,8478.0,481589.0,0.004502369668246464,8392.0,8325.6,8200.366666666667
2025-07-04,8498.0,8550.0,8440.0,8472.0,494606.0,-0.0007077140835102247,8411.2,8343.7,8195.9
2025-07-07,8450.0,8490.0,8412.0,8466.0,445676.0,-0.0007082152974504652,8438.4,8357.9,8191.033333333334
2025-07-08,8476.0,8670.0,8470.0,8644.0,726022.0,0.021025277580911883,8500.0,8384.3,8191.966666666666
2025-07-09,8644.0,8692.0,8630.0,8678.0,473571.0,0.003933364183248411,8547.6,8419.7,8200.166666666666
2025-07-10,8652.0,8678.0,8588.0,8638.0,636450.0,-0.004609356994699221,8579.6,8451.1,8207.533333333333
2025-07-11,8600.0,8796.0,8590.0,8682.0,772262.0,0.0050937717064134524,8621.6,8478.2,8216.066666666668
2025-07-14,8682.0,8760.0,8644.0,8748.0,544815.0,0.007601935038009655,8678.0,8493.8,8226.3
2025-07-15,8760.0,8812.0,8688.0,8708.0,568073.0,-0.004572473708276181,8690.8,8506.9,8236.8
2025-07-16,8704.0,8770.0,8664.0,8722.0,493411.0,0.001607717041800738,8699.6,8517.1,8245.433333333332
2025-07-17,8730.0,8818.0,8714.0,8796.0,567537.0,0.008484292593441856,8731.2,8530.0,8256.5
2025-07-18,8800.0,8972.0,8782.0,8964.0,703683.0,0.019099590723056004,8787.6,8551.4,8271.433333333332
2025-07-21,8976.0,9064.0,8894.0,8910.0,708709.0,-0.0060240963855421326,8820.0,8570.9,8284.433333333332
2025-07-22,8882.0,9012.0,8868.0,8926.0,706504.0,0.0017957351290684986,8863.6,8600.9,8296.233333333334
2025-07-23,8908.0,9088.0,8908.0,8994.0,758574.0,0.007618194039883397,8918.0,8633.4,8308.966666666667
2025-07-24,9020.0,9106.0,8938.0,9104.0,627783.0,0.012230375806092875,8979.6,8670.6,8321.1
2025-07-25,9058.0,9072.0,8890.0,8936.0,673443.0,-0.018453427065026395,8974.0,8698.6,8333.8
2025-07-28,8936.0,8980.0,8828.0,8946.0,604377.0,0.0011190689346463056,8981.2,8729.4,8347.566666666668
2025-07-29,8952.0,8996.0,8842.0,8970.0,611734.0,0.0026827632461434714,8990.0,8761.1,8361.266666666666
2025-07-30,8970.0,9030.0,8926.0,8982.0,500291.0,0.0013377926421405117,8987.6,8788.2,8378.066666666668
2025-07-31,8962.0,8962.0,8866.0,8900.0,479022.0,-0.009129369850812696,8946.8,8809.3,8394.5
2025-08-01,8880.0,8950.0,8838.0,8910.0,512068.0,0.0011235955056179137,8941.6,8831.2,8411.2
2025-08-04,8918.0,8926.0,8746.0,8838.0,611600.0,-0.008080808080808133,8920.0,8849.8,8427.066666666668
2025-08-05,8808.0,9068.0,8806.0,9064.0,580261.0,0.025571396243494027,8938.8,8870.8,8444.4
2025-08-06,9062.0,9076.0,8896.0,8970.0,557925.0,-0.010370697263901163,8936.4,8885.4,8461.333333333334
2025-08-07,9000.0,9050.0,8920.0,8950.0,445128.0,-0.0022296544035674826,8946.4,8901.0,8474.1
2025-08-08,8964.0,9058.0,8956.0,8980.0,442221.0,0.003351955307262511,8960.4,8915.9,8489.633333333333
2025-08-11,8974.0,9236.0,8912.0,9218.0,567374.0,0.02650334075723837,9036.4,8939.4,8510.2
2025-08-12,9254.0,9432.0,9252.0,9396.0,407076.0,0.019310045563028844,9102.8,8973.8,8533.5
2025-08-13,9376.0,9540.0,9366.0,9490.0,527379.0,0.010004257130693972,9206.8,9012.2,8556.566666666668
2025-08-14,9480.0,9538.0,9350.0,9368.0,703708.0,-0.012855637513171758,9290.4,9040.8,8577.633333333333
2025-08-15,9382.0,9484.0,9338.0,9460.0,592724.0,0.00982066609735277,9386.4,9065.6,8602.066666666668
2025-08-18,9520.0,9672.0,9520.0,9584.0,832991.0,0.013107822410147962,9459.6,9099.3,8628.366666666667
2025-08-19,9602.0,9736.0,9594.0,9640.0,785065.0,0.005843071786310494,9508.4,9135.0,8656.466666666667
2025-08-20,9582.0,9594.0,9456.0,9554.0,788154.0,-0.00892116182572611,9521.2,9163.0,8681.633333333333
2025-08-21,9548.0,9636.0,9480.0,9500.0,727262.0,-0.00565208289721586,9547.6,9182.8,8705.366666666667
2025-08-22,9500.0,9608.0,9462.0,9592.0,753974.0,0.00968421052631574,9574.0,9215.6,8728.733333333334
2025-08-25,9612.0,9688.0,9544.0,9582.0,718391.0,-0.0010425354462051395,9573.6,9247.4,8754.1
2025-08-26,9610.0,9618.0,9486.0,9500.0,635579.0,-0.008557712377374238,9545.6,9273.9,8775.833333333334
2025-08-27,9470.0,9572.0,9454.0,9500.0,683952.0,0.0,9534.8,9299.8,8798.666666666666
2025-08-28,9518.0,9540.0,9404.0,9414.0,832734.0,-0.009052631578947423,9517.6,9325.5,8820.133333333333
2025-08-29,9438.0,9446.0,9276.0,9316.0,733188.0,-0.010410027618440565,9462.4,9345.8,8840.233333333334
2025-09-01,9300.0,9392.0,9240.0,9384.0,669906.0,0.007299270072992803,9422.8,9373.1,8860.266666666666
2025-09-02,9388.0,9508.0,9378.0,9422.0,745699.0,0.004049445865302648,9407.2,9391.0,8882.033333333333
2025-09-03,9420.0,9498.0,9344.0,9368.0,739051.0,-0.00573126724686901,9380.8,9410.9,8905.333333333334
2025-09-04,9360.0,9450.0,9312.0,9390.0,715948.0,0.0023484201537147253,9376.0,9432.9,8928.333333333334
2025-09-05,9382.0,9554.0,9358.0,9526.0,687731.0,0.014483493077742216,9418.0,9460.2,8951.433333333332
2025-09-08,9510.0,9514.0,9380.0,9466.0,605851.0,-0.006298551333193347,9434.4,9472.6,8968.6
2025-09-09,9474.0,9506.0,9428.0,9486.0,579029.0,0.0021128248468202937,9447.2,9477.1,8985.933333333332
2025-09-10,9470.0,9472.0,9244.0,9244.0,859709.0,-0.025511279780729534,9422.4,9464.8,8998.033333333333
2025-09-11,9280.0,9334.0,9208.0,9330.0,719314.0,0.009303331890956335,9410.4,9462.9,9011.233333333334
2025-09-12,9316.0,9426.0,9268.0,9296.0,765320.0,-0.0036441586280814287,9364.4,9454.7,9023.9
2025-09-15,9336.0,9442.0,9318.0,9422.0,583281.0,0.013554216867469826,9355.6,9446.6,9038.933333333332
2025-09-16,9442.0,9528.0,9430.0,9482.0,591669.0,0.006368074718743344,9354.8,9438.7,9058.2
2025-09-17,9534.0,9570.0,9408.0,9424.0,680632.0,-0.0061168529846024056,9390.8,9432.2,9076.2
2025-09-18,9408.0,9428.0,9280.0,9304.0,627749.0,-0.012733446519524572,9385.6,9422.4,9091.933333333332
2025-09-19,9314.0,9380.0,9306.0,9316.0,554657.0,0.0012897678417884695,9389.6,9408.6,9107.6
2025-09-22,9322.0,9400.0,9252.0,9360.0,561707.0,0.00472305710605414,9377.2,9397.5,9124.766666666666
2025-09-23,9282.0,9294.0,8946.0,9054.0,1021148.0,-0.03269230769230769,9291.6,9375.2,9136.733333333334
2025-09-24,9088.0,9142.0,9014.0,9126.0,591824.0,0.007952286282306265,9232.0,9356.5,9148.166666666666
2025-09-25,9188.0,9264.0,9154.0,9222.0,688356.0,0.01051939513477973,9215.6,9346.9,9160.566666666668
2025-09-26,9242.0,9318.0,9226.0,9236.0,590776.0,0.0015181088700932932,9199.6,9342.9,9173.3
2025-09-29,9236.0,9280.0,9188.0,9234.0,444366.0,-0.0002165439584235207,9174.4,9335.4,9186.1
2025-09-30,9204.0,9234.0,9150.0,9228.0,398602.0,-0.0006497725795971965,9209.2,9325.7,9195.833333333334
2025-10-09,9452.0,9580.0,9438.0,9570.0,509596.0,0.03706111833550074,9298.0,9335.8,9210.7
2025-10-10,9570.0,9608.0,9366.0,9438.0,733204.0,-0.01379310344827589,9341.2,9338.2,9224.033333333333
2025-10-13,9438.0,9446.0,9310.0,9364.0,501265.0,-0.007840644204280545,9366.8,9330.1,9235.4
2025-10-14,9364.0,9438.0,9274.0,9330.0,526687.0,-0.0036309269542930123,9386.0,9323.3,9245.1
2025-10-15,9302.0,9376.0,9260.0,9322.0,448936.0,-0.0008574490889603492,9404.8,9315.1,9255.333333333334
2025-10-16,9330.0,9374.0,9282.0,9312.0,383828.0,-0.0010727311735678757,9353.2,9318.5,9265.166666666666
2025-10-17,9328.0,9392.0,9288.0,9308.0,484295.0,-0.00042955326460480947,9327.2,9317.4,9273.7
2025-10-20,9332.0,9412.0,9312.0,9318.0,461434.0,0.0010743446497636366,9318.0,9318.5,9279.6
2025-10-21,9320.0,9400.0,9264.0,9294.0,553539.0,-0.0025756600128783447,9310.8,9312.1,9286.0
2025-10-22,9286.0,9296.0,9156.0,9164.0,637846.0,-0.01398751882935223,9279.2,9296.2,9289.966666666667
2025-10-23,9174.0,9176.0,9076.0,9132.0,533553.0,-0.0034919249236141647,9243.2,9281.6,9292.266666666666
2025-10-24,9170.0,9174.0,9090.0,9122.0,455286.0,-0.0010950503723171634,9206.0,9272.5,9292.566666666668
2025-10-27,9110.0,9150.0,9066.0,9100.0,462421.0,-0.0024117518088138112,9162.4,9261.7,9295.3
2025-10-28,9080.0,9080.0,8954.0,8958.0,531693.0,-0.015604395604395638,9095.2,9241.6,9295.5
2025-10-29,8940.0,8940.0,8758.0,8842.0,727306.0,-0.01294931904442953,9030.8,9231.0,9293.366666666667
2025-10-30,8798.0,8868.0,8778.0,8828.0,483690.0,-0.001583352182764064,8970.0,9216.1,9290.8
2025-10-31,8850.0,8858.0,8720.0,8764.0,415447.0,-0.0072496601721794285,8898.4,9193.2,9288.533333333333
2025-11-03,8732.0,8754.0,8638.0,8664.0,556509.0,-0.011410314924691911,8811.2,9164.6,9284.433333333332
2025-11-04,8624.0,8736.0,8596.0,8616.0,556601.0,-0.005540166204986097,8742.8,9133.7,9280.733333333334
2025-11-05,8590.0,8666.0,8570.0,8590.0,546167.0,-0.003017641597028775,8692.4,9101.8,9272.833333333334
2025-11-06,8582.0,8756.0,8562.0,8732.0,621581.0,0.016530849825378446,8673.2,9059.9,9268.866666666667
2025-11-07,8752.0,8754.0,8618.0,8660.0,501777.0,-0.008245533669262506,8652.4,9021.0,9264.033333333333
2025-11-10,8650.0,8740.0,8614.0,8690.0,530809.0,0.0034642032332563577,8657.6,8987.3,9259.2
2025-11-11,8698.0,8850.0,8678.0,8770.0,505832.0,0.009205983889528202,8688.4,8959.3,9251.733333333334
2025-11-12,8760.0,8776.0,8712.0,8744.0,396375.0,-0.0029646522234891837,8719.2,8930.4,9240.866666666667
2025-11-13,8714.0,8774.0,8642.0,8752.0,652768.0,0.0009149130832570851,8723.2,8902.4,9228.566666666668
2025-11-14,8744.0,8750.0,8574.0,8644.0,587245.0,-0.012340036563071255,8720.0,8869.2,9216.5
2025-11-17,8660.0,8724.0,8606.0,8680.0,585987.0,0.004164738546968971,8718.0,8837.3,9203.5
2025-11-18,8694.0,8726.0,8652.0,8708.0,472225.0,0.003225806451612856,8705.6,8808.0,9188.9
2025-11-19,8756.0,8906.0,8750.0,8852.0,822062.0,0.01653651814423518,8727.2,8792.4,9175.766666666666
2025-11-20,8830.0,8850.0,8632.0,8646.0,571538.0,-0.023271577044735703,8706.0,8768.1,9160.633333333333
2025-11-21,8656.0,8686.0,8514.0,8550.0,692437.0,-0.011103400416377474,8687.2,8739.5,9144.8
2025-11-24,8528.0,8546.0,8450.0,8486.0,577844.0,-0.007485380116959095,8648.4,8708.8,9126.366666666667
2025-11-25,8448.0,8482.0,8356.0,8360.0,597491.0,-0.014847984916332768,8578.8,8678.9,9106.0
2025-11-26,8312.0,8464.0,8304.0,8440.0,504182.0,0.009569377990430672,8496.4,8658.8,9088.333333333334
2025-11-27,8420.0,8542.0,8406.0,8528.0,383418.0,0.010426540284360186,8472.8,8643.8,9072.133333333333
2025-11-28,8552.0,8640.0,8538.0,8626.0,410968.0,0.011491557223264559,8488.0,8636.9,9059.0
2025-12-01,8638.0,8680.0,8592.0,8652.0,367522.0,0.0030141432877348606,8521.2,8636.3,9047.933333333332
2025-12-02,8612.0,8726.0,8572.0,8720.0,433243.0,0.007859454461396131,8593.2,8641.5,9036.866666666667
2025-12-03,8744.0,8794.0,8698.0,8730.0,360400.0,0.0011467889908256534,8651.2,8648.5,9025.333333333334
2025-12-04,8736.0,8762.0,8626.0,8666.0,343873.0,-0.007331042382588748,8678.8,8645.2,9013.633333333333
2025-12-05,8648.0,8780.0,8644.0,8770.0,336222.0,0.01200092314793455,8707.6,8650.7,9003.3
2025-12-08,8782.0,8796.0,8682.0,8702.0,155754.0,-0.007753705815279344,8717.6,8651.3,8989.566666666668
2025-12-09,8686.0,8712.0,8570.0,8628.0,248416.0,-0.00850379223167086,8699.2,8644.2,8975.6
2025-12-10,8648.0,8718.0,8478.0,8528.0,483686.0,-0.011590171534538674,8658.8,8633.4,8959.633333333333
2025-12-11,8592.0,8710.0,8582.0,8642.0,512933.0,0.013367729831144537,8654.0,8627.9,8949.6
2025-12-12,8602.0,8630.0,8524.0,8552.0,437746.0,-0.010414255959268703,8610.4,8623.3,8936.633333333333
2025-12-15,8500.0,8550.0,8442.0,8492.0,443445.0,-0.007015902712815714,8568.4,8613.9,8923.233333333334
2025-12-16,8470.0,8478.0,8376.0,8410.0,370023.0,-0.009656146961846468,8524.8,8599.0,8906.366666666667
2025-12-17,8380.0,8396.0,8278.0,8342.0,505496.0,-0.008085612366230732,8487.6,8573.5,8887.366666666667
2025-12-18,8342.0,8454.0,8324.0,8368.0,455669.0,0.0031167585710860646,8432.8,8559.6,8869.766666666666
2025-12-19,8378.0,8412.0,8266.0,8292.0,443804.0,-0.009082217973231388,8380.8,8546.7,8852.9
2025-12-22,8256.0,8422.0,8230.0,8414.0,431457.0,0.014712976362759367,8365.2,8543.1,8837.866666666667
2025-12-23,8434.0,8494.0,8388.0,8486.0,441419.0,0.008557166627050083,8380.4,8549.4,8823.3
2025-12-24,8490.0,8548.0,8482.0,8488.0,406474.0,0.0002356823002591657,8409.6,8551.8,8813.866666666667
2025-12-25,8520.0,8578.0,8506.0,8542.0,299943.0,0.006361922714420265,8444.4,8552.5,8804.133333333333
2025-12-26,8542.0,8610.0,8496.0,8568.0,374136.0,0.0030437836572232424,8499.6,8549.6,8793.233333333334
2025-12-29,8602.0,8618.0,8508.0,8512.0,358766.0,-0.006535947712418277,8519.2,8542.6,8781.166666666666
2025-12-30,8504.0,8678.0,8504.0,8658.0,358771.0,0.017152255639097724,8553.6,8539.5,8771.566666666668
2025-12-31,8634.0,8646.0,8574.0,8584.0,282429.0,-0.008547008547008517,8572.8,8532.2,8760.833333333334
2026-01-05,8566.0,8600.0,8414.0,8488.0,402569.0,-0.011183597390493905,8562.0,8523.3,8742.8
2026-01-06,8510.0,8562.0,8460.0,8500.0,414592.0,0.001413760603204528,8548.4,8509.8,8727.166666666666
2026-01-07,8480.0,8572.0,8476.0,8562.0,453932.0,0.007294117647058895,8558.4,8502.8,8713.8
2026-01-08,8600.0,8700.0,8560.0,8612.0,630230.0,0.005839757066105955,8549.2,8502.0,8701.833333333334
2026-01-09,8646.0,8698.0,8592.0,8682.0,366106.0,0.008128193218764457,8568.8,8509.7,8691.166666666666
2026-01-12,8630.0,8748.0,8574.0,8724.0,512074.0,0.004837595024187902,8616.0,8513.8,8681.366666666667
2026-01-13,8746.0,8866.0,8732.0,8778.0,558865.0,0.0061898211829436445,8671.6,8525.1,8672.533333333333
2026-01-14,8744.0,8826.0,8704.0,8748.0,531801.0,-0.0034176349965823194,8708.8,8537.9,8663.033333333333
2026-01-15,8728.0,8746.0,8550.0,8578.0,534066.0,-0.01943301326017377,8702.0,8546.3,8651.1
2026-01-16,8544.0,8702.0,8490.0,8674.0,570565.0,0.011191419911401157,8700.4,8562.9,8642.933333333332
2026-01-19,8660.0,8684.0,8606.0,8648.0,358548.0,-0.0029974636845745417,8685.2,8576.9,8634.866666666667
2026-01-20,8670.0,8772.0,8662.0,8748.0,422407.0,0.011563367252543921,8679.2,8599.7,8628.633333333333
2026-01-21,8752.0,8850.0,8752.0,8832.0,487113.0,0.009602194787379892,8696.0,8620.6,8624.166666666666
2026-01-22,8850.0,8964.0,8850.0,8944.0,502993.0,0.0126811594202898,8769.2,8643.5,8623.933333333332
2026-01-23,8946.0,8948.0,8882.0,8910.0,360593.0,-0.003801431127012478,8816.4,8664.6,8625.066666666668
2026-01-26,8962.0,9098.0,8930.0,9092.0,542284.0,0.020426487093153867,8905.2,8692.1,8629.466666666667
2026-01-27,9070.0,9248.0,9038.0,9238.0,688004.0,0.016058073031236297,9003.2,8725.6,8637.366666666667
2026-01-28,9252.0,9306.0,9196.0,9270.0,513486.0,0.0034639532366314008,9090.8,8763.5,8647.466666666667
2026-01-29,9294.0,9396.0,9278.0,9362.0,529334.0,0.009924487594390463,9174.4,8798.7,8659.9
2026-01-30,9362.0,9384.0,9178.0,9240.0,569719.0,-0.013031403546250764,9240.4,8831.5,8670.733333333334
2026-02-02,9234.0,9316.0,8964.0,9014.0,656811.0,-0.024458874458874513,9224.8,8857.8,8675.433333333332
2026-02-03,9056.0,9158.0,9050.0,9094.0,397804.0,0.008875083203905065,9196.0,8887.5,8682.666666666666
2026-02-04,9200.0,9248.0,9096.0,9138.0,435429.0,0.00483835495931384,9169.6,8916.3,8690.133333333333
2026-02-05,9138.0,9198.0,9038.0,9042.0,449035.0,-0.01050558108995403,9105.6,8937.8,8694.666666666666
2026-02-06,9024.0,9082.0,9002.0,9026.0,285443.0,-0.0017695200176951476,9062.8,8955.0,8699.366666666667
2026-02-09,8980.0,9066.0,8938.0,9014.0,345264.0,-0.001329492576999769,9062.8,8969.5,8703.733333333334
2026-02-10,9014.0,9034.0,8912.0,8940.0,381959.0,-0.008209451963612113,9032.0,8977.6,8708.666666666666
2026-02-11,8910.0,8950.0,8886.0,8906.0,290733.0,-0.0038031319910514227,8985.6,8985.5,8712.433333333332
2026-02-12,8930.0,8932.0,8782.0,8782.0,328615.0,-0.01392319784414997,8933.6,8995.7,8713.666666666666
2026-02-13,8782.0,8828.0,8674.0,8698.0,297379.0,-0.009565019357777316,8868.0,8996.9,8711.1
2026-02-24,8850.0,8910.0,8822.0,8824.0,268923.0,0.014486088756035853,8830.0,9005.7,8714.066666666668
2026-02-25,8810.0,8932.0,8768.0,8848.0,389627.0,0.0027198549410698547,8811.6,9010.7,8719.033333333333
2026-02-26,8816.0,8838.0,8686.0,8714.0,411133.0,-0.015144665461121143,8773.2,9004.8,8722.833333333334
2026-02-27,8718.0,8800.0,8692.0,8780.0,379616.0,0.007574018820289297,8772.8,8996.6,8729.833333333334
2026-03-02,8814.0,8922.0,8768.0,8898.0,489772.0,0.01343963553530747,8812.8,8996.0,8737.466666666667
2026-03-03,8940.0,9028.0,8926.0,8994.0,531213.0,0.010788941335131419,8846.8,8991.1,8745.233333333334
2026-03-04,9050.0,9084.0,8938.0,9002.0,420332.0,0.0008894818768068191,8877.6,8979.3,8751.5
2026-03-05,8960.0,9128.0,8890.0,9070.0,516475.0,0.007553876916240876,8948.8,8969.3,8758.466666666667
2026-03-06,9070.0,9248.0,9046.0,9218.0,529410.0,0.016317530319735374,9036.4,8962.1,8766.766666666666
2026-03-09,9384.0,9788.0,9360.0,9720.0,892943.0,0.054458667823823026,9200.8,8986.1,8783.266666666666
2026-03-10,9676.0,9748.0,9240.0,9462.0,882402.0,-0.02654320987654324,9294.4,9008.5,8796.533333333333
2026-03-11,9476.0,9562.0,9330.0,9526.0,507766.0,0.00676389769604735,9399.2,9030.1,8809.133333333333
2026-03-12,9664.0,9864.0,9576.0,9684.0,688279.0,0.016586185177409174,9522.0,9057.4,8825.5
2026-03-13,9702.0,9888.0,9654.0,9768.0,618299.0,0.00867410161090465,9632.0,9093.7,8844.5
2026-03-16,9750.0,10050.0,9722.0,10010.0,818514.0,0.024774774774774855,9690.0,9142.9,8869.2
2026-03-17,9922.0,9978.0,9818.0,9954.0,566729.0,-0.005594405594405605,9788.4,9189.9,8891.066666666668
2026-03-18,9952.0,9992.0,9666.0,9692.0,581411.0,-0.02632107695398833,9821.6,9227.5,8910.066666666668
2026-03-19,9850.0,9902.0,9744.0,9796.0,491200.0,0.010730499380932734,9844.0,9272.0,8931.8
2026-03-20,9786.0,9836.0,9646.0,9718.0,407410.0,-0.007962433646386269,9834.0,9318.8,8953.6
2026-03-23,9726.0,9960.0,9650.0,9942.0,465152.0,0.023050010290183165,9820.4,9381.0,8980.266666666666
2026-03-24,9680.0,9774.0,9532.0,9644.0,512050.0,-0.029973848320257512,9758.4,9422.0,9001.533333333333
2026-03-25,9644.0,9676.0,9464.0,9510.0,371392.0,-0.013894649523019442,9722.0,9455.1,9021.833333333334
2026-03-26,9528.0,9640.0,9482.0,9614.0,321996.0,0.010935856992639437,9685.6,9500.1,9041.833333333334
2026-03-27,9656.0,9770.0,9582.0,9768.0,348165.0,0.016018306636155666,9695.6,9549.5,9063.2
2026-03-30,9800.0,9974.0,9668.0,9930.0,501201.0,0.016584766584766486,9693.2,9601.1,9087.233333333334
2026-03-31,9950.0,10082.0,9808.0,9866.0,587524.0,-0.006445115810674751,9737.6,9644.7,9109.3
